{"cameraMode":{"drawMode":0,"name":"Shaded","section":"Shading Mode"},"sceneLighting":false,"audioPlay":false,"sceneViewState":{"showFog":true,"showMaterialUpdate":false,"showSkybox":false,"showFlares":true,"showImageEffects":true,"showParticleSystems":true},"in2DMode":false,"pivot":{"x":14.094535827636719,"y":11.916370391845704,"z":5.058701515197754},"rotation":{"x":0.23999939858913423,"y":-0.27868571877479555,"z":0.0721551850438118,"w":0.9271194338798523},"size":30.516265869140626,"orthographic":false}