{"cameraMode":{"drawMode":0,"name":"Shaded","section":"Shading Mode"},"sceneLighting":false,"audioPlay":false,"sceneViewState":{"showFog":true,"showMaterialUpdate":false,"showSkybox":false,"showFlares":true,"showImageEffects":true,"showParticleSystems":true},"in2DMode":false,"pivot":{"x":10.0,"y":5.7891316413879398,"z":10.004999160766602},"rotation":{"x":0.13648706674575807,"y":-0.1123695820569992,"z":0.015591616742312909,"w":0.9841352701187134},"size":70.79804992675781,"orthographic":false}