{"cameraMode":{"drawMode":0,"name":"Shaded","section":"Shading Mode"},"sceneLighting":true,"audioPlay":false,"sceneViewState":{"showFog":true,"showMaterialUpdate":false,"showSkybox":false,"showFlares":true,"showImageEffects":true,"showParticleSystems":true},"in2DMode":false,"pivot":{"x":-0.7453435659408569,"y":0.32641541957855227,"z":-0.7459312677383423},"rotation":{"x":0.283464252948761,"y":0.00048235265421681106,"z":-0.0001316138223046437,"w":0.9590034484863281},"size":2.828089714050293,"orthographic":false}