{"cameraMode":{"drawMode":0,"name":"Shaded","section":"Shading Mode"},"sceneLighting":true,"audioPlay":false,"sceneViewState":{"showFog":true,"showMaterialUpdate":false,"showSkybox":false,"showFlares":true,"showImageEffects":true,"showParticleSystems":true},"in2DMode":false,"pivot":{"x":1.7400000095367432,"y":0.024536944925785066,"z":-1.101591944694519},"rotation":{"x":-0.6371833086013794,"y":-0.009954666718840599,"z":0.00821523554623127,"w":-0.7706188559532166},"size":3.4175546169281008,"orthographic":false}