{"cameraMode":{"drawMode":0,"name":"Shaded","section":"Shading Mode"},"sceneLighting":false,"audioPlay":false,"sceneViewState":{"showFog":true,"showMaterialUpdate":false,"showSkybox":false,"showFlares":true,"showImageEffects":true,"showParticleSystems":true},"in2DMode":false,"pivot":{"x":-0.7600001096725464,"y":0.18700003623962403,"z":-0.9010000228881836},"rotation":{"x":-0.498667448759079,"y":-0.05704246833920479,"z":0.0329102985560894,"w":-0.8642941117286682},"size":1.328601360321045,"orthographic":false}