{"cameraMode":{"drawMode":0,"name":"Shaded","section":"Shading Mode"},"sceneLighting":false,"audioPlay":false,"sceneViewState":{"showFog":true,"showMaterialUpdate":false,"showSkybox":false,"showFlares":true,"showImageEffects":true,"showParticleSystems":true},"in2DMode":false,"pivot":{"x":25.359844207763673,"y":3.6345510482788088,"z":-21.84471893310547},"rotation":{"x":-0.2326565682888031,"y":0.2719341814517975,"z":-0.06793472170829773,"w":-0.9312954545021057},"size":24.94844627380371,"orthographic":false}