{"cameraMode":{"drawMode":0,"name":"Shaded","section":"Shading Mode"},"sceneLighting":false,"audioPlay":false,"sceneViewState":{"showFog":true,"showMaterialUpdate":true,"showSkybox":true,"showFlares":true,"showImageEffects":true,"showParticleSystems":true},"in2DMode":false,"pivot":{"x":19.317100524902345,"y":1116.392333984375,"z":-519.06640625},"rotation":{"x":0.5444811582565308,"y":0.03823883458971977,"z":-0.024946503341197969,"w":0.8376150131225586},"size":1.666377067565918,"orthographic":false}