{"cameraMode":{"drawMode":0,"name":"Shaded","section":"Shading Mode"},"sceneLighting":false,"audioPlay":false,"sceneViewState":{"showFog":true,"showMaterialUpdate":true,"showSkybox":true,"showFlares":true,"showImageEffects":true,"showParticleSystems":true},"in2DMode":false,"pivot":{"x":1.74399995803833,"y":0.03018289804458618,"z":-1.1649854183197022},"rotation":{"x":0.3776308298110962,"y":-0.052737440913915637,"z":0.021546898409724237,"w":0.9242109060287476},"size":5.246943950653076,"orthographic":false}